pokemon_species_id,local_language_id,name,genus
1,1,フシギダネ,たねポケモン
1,2,Fushigidane,
1,3,이상해씨,씨앗포켓몬
1,4,妙蛙種子,種子寶可夢
1,5,Bulbizarre,Pokémon Graine
1,6,Bisasam,Samen-Pokémon
1,7,Bulbasaur,Pokémon Semilla
1,8,Bulbasaur,Pokémon Seme
1,9,Bulbasaur,Seed Pokémon
1,11,フシギダネ,たねポケモン
1,12,妙蛙种子,种子宝可梦
2,1,フシギソウ,たねポケモン
2,2,Fushigisou,
2,3,이상해풀,씨앗포켓몬
2,4,妙蛙草,種子寶可夢
2,5,Herbizarre,Pokémon Graine
2,6,Bisaknosp,Samen-Pokémon
2,7,Ivysaur,Pokémon Semilla
2,8,Ivysaur,Pokémon Seme
2,9,Ivysaur,Seed Pokémon
2,11,フシギソウ,たねポケモン
2,12,妙蛙草,种子宝可梦
3,1,フシギバナ,たねポケモン
3,2,Fushigibana,
3,3,이상해꽃,씨앗포켓몬
3,4,妙蛙花,種子寶可夢
3,5,Florizarre,Pokémon Graine
3,6,Bisaflor,Samen-Pokémon
3,7,Venusaur,Pokémon Semilla
3,8,Venusaur,Pokémon Seme
3,9,Venusaur,Seed Pokémon
3,11,フシギバナ,たねポケモン
3,12,妙蛙花,种子宝可梦
4,1,ヒトカゲ,とかげポケモン
4,2,Hitokage,
4,3,파이리,도롱뇽포켓몬
4,4,小火龍,蜥蜴寶可夢
4,5,Salamèche,Pokémon Lézard
4,6,Glumanda,Echsen-Pokémon
4,7,Charmander,Pokémon Lagartija
4,8,Charmander,Pokémon Lucertola
4,9,Charmander,Lizard Pokémon
4,11,ヒトカゲ,とかげポケモン
4,12,小火龙,蜥蜴宝可梦
5,1,リザード,かえんポケモン
5,2,Lizardo,
5,3,리자드,화염포켓몬
5,4,火恐龍,火焰寶可夢
5,5,Reptincel,Pokémon Flamme
5,6,Glutexo,Flammen-Pokémon
5,7,Charmeleon,Pokémon Llama
5,8,Charmeleon,Pokémon Fiamma
5,9,Charmeleon,Flame Pokémon
5,11,リザード,かえんポケモン
5,12,火恐龙,火焰宝可梦
6,1,リザードン,かえんポケモン
6,2,Lizardon,
6,3,리자몽,화염포켓몬
6,4,噴火龍,火焰寶可夢
6,5,Dracaufeu,Pokémon Flamme
6,6,Glurak,Flammen-Pokémon
6,7,Charizard,Pokémon Llama
6,8,Charizard,Pokémon Fiamma
6,9,Charizard,Flame Pokémon
6,11,リザードン,かえんポケモン
6,12,喷火龙,火焰宝可梦
7,1,ゼニガメ,かめのこポケモン
7,2,Zenigame,
7,3,꼬부기,꼬마거북포켓몬
7,4,傑尼龜,小龜寶可夢
7,5,Carapuce,Pokémon Minitortue
7,6,Schiggy,Minikröten-Pokémon
7,7,Squirtle,Pokémon Tortuguita
7,8,Squirtle,Pokémon Tartaghina
7,9,Squirtle,Tiny Turtle Pokémon
7,11,ゼニガメ,かめのこポケモン
7,12,杰尼龟,小龟宝可梦
8,1,カメール,かめポケモン
8,2,Kameil,
8,3,어니부기,거북포켓몬
8,4,卡咪龜,龜寶可夢
8,5,Carabaffe,Pokémon Tortue
8,6,Schillok,Kröten-Pokémon
8,7,Wartortle,Pokémon Tortuga
8,8,Wartortle,Pokémon Tartaruga
8,9,Wartortle,Turtle Pokémon
8,11,カメール,かめポケモン
8,12,卡咪龟,龟宝可梦
9,1,カメックス,こうらポケモン
9,2,Kamex,
9,3,거북왕,껍질포켓몬
9,4,水箭龜,甲殼寶可夢
9,5,Tortank,Pokémon Carapace
9,6,Turtok,Panzertier-Pokémon
9,7,Blastoise,Pokémon Armazón
9,8,Blastoise,Pokémon Crostaceo
9,9,Blastoise,Shellfish Pokémon
9,11,カメックス,こうらポケモン
9,12,水箭龟,甲壳宝可梦
10,1,キャタピー,いもむしポケモン
10,2,Caterpie,
10,3,캐터피,애벌레포켓몬
10,4,綠毛蟲,蟲寶寶寶可夢
10,5,Chenipan,Pokémon Ver
10,6,Raupy,Wurm-Pokémon
10,7,Caterpie,Pokémon Gusano
10,8,Caterpie,Pokémon Baco
10,9,Caterpie,Worm Pokémon
10,11,キャタピー,いもむしポケモン
10,12,绿毛虫,虫宝宝宝可梦
11,1,トランセル,さなぎポケモン
11,2,Trancell,
11,3,단데기,번데기포켓몬
11,4,鐵甲蛹,蛹寶可夢
11,5,Chrysacier,Pokémon Cocon
11,6,Safcon,Kokon-Pokémon
11,7,Metapod,Pokémon Capullo
11,8,Metapod,Pokémon Bozzolo
11,9,Metapod,Cocoon Pokémon
11,11,トランセル,さなぎポケモン
11,12,铁甲蛹,蛹宝可梦
12,1,バタフリー,ちょうちょポケモン
12,2,Butterfree,
12,3,버터플,나비포켓몬
12,4,巴大蝶,蝴蝶寶可夢
12,5,Papilusion,Pokémon Papillon
12,6,Smettbo,Falter-Pokémon
12,7,Butterfree,Pokémon Mariposa
12,8,Butterfree,Pokémon Farfalla
12,9,Butterfree,Butterfly Pokémon
12,11,バタフリー,ちょうちょポケモン
12,12,巴大蝶,蝴蝶宝可梦
13,1,ビードル,けむしポケモン
13,2,Beedle,
13,3,뿔충이,송충이포켓몬
13,4,獨角蟲,毛毛蟲寶可夢
13,5,Aspicot,Pokémon Insectopic
13,6,Hornliu,Raupe
13,7,Weedle,Pokémon Oruga
13,8,Weedle,Pokémon Millepiedi
13,9,Weedle,Hairy Bug Pokémon
13,11,ビードル,けむしポケモン
13,12,独角虫,毛毛虫宝可梦
14,1,コクーン,さなぎポケモン
14,2,Cocoon,
14,3,딱충이,번데기포켓몬
14,4,鐵殼蛹,蛹寶可夢
14,5,Coconfort,Pokémon Cocon
14,6,Kokuna,Kokon
14,7,Kakuna,Pokémon Capullo
14,8,Kakuna,Pokémon Bozzolo
14,9,Kakuna,Cocoon Pokémon
14,11,コクーン,さなぎポケモン
14,12,铁壳蛹,蛹宝可梦
15,1,スピアー,どくばちポケモン
15,2,Spear,
15,3,독침붕,독벌포켓몬
15,4,大針蜂,毒蜂寶可夢
15,5,Dardargnan,Pokémon Guêpoison
15,6,Bibor,Giftbiene
15,7,Beedrill,Pokémon Abeja Veneno
15,8,Beedrill,Pokémon Velenape
15,9,Beedrill,Poison Bee Pokémon
15,11,スピアー,どくばちポケモン
15,12,大针蜂,毒蜂宝可梦
16,1,ポッポ,ことりポケモン
16,2,Poppo,
16,3,구구,아기새포켓몬
16,4,波波,小鳥寶可夢
16,5,Roucool,Pokémon Minoiseau
16,6,Taubsi,Kleinvogel
16,7,Pidgey,Pokémon Pajarito
16,8,Pidgey,Pokémon Uccellino
16,9,Pidgey,Tiny Bird Pokémon
16,11,ポッポ,ことりポケモン
16,12,波波,小鸟宝可梦
17,1,ピジョン,とりポケモン
17,2,Pigeon,
17,3,피죤,새포켓몬
17,4,比比鳥,鳥寶可夢
17,5,Roucoups,Pokémon Oiseau
17,6,Tauboga,Vogel
17,7,Pidgeotto,Pokémon Pájaro
17,8,Pidgeotto,Pokémon Uccello
17,9,Pidgeotto,Bird Pokémon
17,11,ピジョン,とりポケモン
17,12,比比鸟,鸟宝可梦
18,1,ピジョット,とりポケモン
18,2,Pigeot,
18,3,피죤투,새포켓몬
18,4,大比鳥,鳥寶可夢
18,5,Roucarnage,Pokémon Oiseau
18,6,Tauboss,Vogel
18,7,Pidgeot,Pokémon Pájaro
18,8,Pidgeot,Pokémon Uccello
18,9,Pidgeot,Bird Pokémon
18,11,ピジョット,とりポケモン
18,12,大比鸟,鸟宝可梦
19,1,コラッタ,ねずみポケモン
19,2,Koratta,
19,3,꼬렛,쥐포켓몬
19,4,小拉達,鼠寶可夢
19,5,Rattata,Pokémon Souris
19,6,Rattfratz,Maus
19,7,Rattata,Pokémon Ratón
19,8,Rattata,Pokémon Topo
19,9,Rattata,Mouse Pokémon
19,11,コラッタ,ねずみポケモン
19,12,小拉达,鼠宝可梦
20,1,ラッタ,ねずみポケモン
20,2,Ratta,
20,3,레트라,쥐포켓몬
20,4,拉達,鼠寶可夢
20,5,Rattatac,Pokémon Souris
20,6,Rattikarl,Maus
20,7,Raticate,Pokémon Ratón
20,8,Raticate,Pokémon Topo
20,9,Raticate,Mouse Pokémon
20,11,ラッタ,ねずみポケモン
20,12,拉达,鼠宝可梦
21,1,オニスズメ,ことりポケモン
21,2,Onisuzume,
21,3,깨비참,아기새포켓몬
21,4,烈雀,小鳥寶可夢
21,5,Piafabec,Pokémon Minoiseau
21,6,Habitak,Kleinvogel
21,7,Spearow,Pokémon Pajarito
21,8,Spearow,Pokémon Uccellino
21,9,Spearow,Tiny Bird Pokémon
21,11,オニスズメ,ことりポケモン
21,12,烈雀,小鸟宝可梦
22,1,オニドリル,くちばしポケモン
22,2,Onidrill,
22,3,깨비드릴조,부리포켓몬
22,4,大嘴雀,鳥嘴寶可夢
22,5,Rapasdepic,Pokémon Bec-Oiseau
22,6,Ibitak,Pickvogel
22,7,Fearow,Pokémon Pico
22,8,Fearow,Pokémon Becco
22,9,Fearow,Beak Pokémon
22,11,オニドリル,くちばしポケモン
22,12,大嘴雀,鸟嘴宝可梦
23,1,アーボ,へびポケモン
23,2,Arbo,
23,3,아보,뱀포켓몬
23,4,阿柏蛇,蛇寶可夢
23,5,Abo,Pokémon Serpent
23,6,Rettan,Schlange
23,7,Ekans,Pokémon Serpiente
23,8,Ekans,Pokémon Serpente
23,9,Ekans,Snake Pokémon
23,11,アーボ,へびポケモン
23,12,阿柏蛇,蛇宝可梦
24,1,アーボック,コブラポケモン
24,2,Arbok,
24,3,아보크,코브라포켓몬
24,4,阿柏怪,眼鏡蛇寶可夢
24,5,Arbok,Pokémon Cobra
24,6,Arbok,Kobra
24,7,Arbok,Pokémon Cobra
24,8,Arbok,Pokémon Cobra
24,9,Arbok,Cobra Pokémon
24,11,アーボック,コブラポケモン
24,12,阿柏怪,眼镜蛇宝可梦
25,1,ピカチュウ,ねずみポケモン
25,2,Pikachu,
25,3,피카츄,쥐포켓몬
25,4,皮卡丘,鼠寶可夢
25,5,Pikachu,Pokémon Souris
25,6,Pikachu,Maus-Pokémon
25,7,Pikachu,Pokémon Ratón
25,8,Pikachu,Pokémon Topo
25,9,Pikachu,Mouse Pokémon
25,11,ピカチュウ,ねずみポケモン
25,12,皮卡丘,鼠宝可梦
26,1,ライチュウ,ねずみポケモン
26,2,Raichu,
26,3,라이츄,쥐포켓몬
26,4,雷丘,鼠寶可夢
26,5,Raichu,Pokémon Souris
26,6,Raichu,Maus-Pokémon
26,7,Raichu,Pokémon Ratón
26,8,Raichu,Pokémon Topo
26,9,Raichu,Mouse Pokémon
26,11,ライチュウ,ねずみポケモン
26,12,雷丘,鼠宝可梦
27,1,サンド,ねずみポケモン
27,2,Sand,
27,3,모래두지,쥐포켓몬
27,4,穿山鼠,鼠寶可夢
27,5,Sabelette,Pokémon Souris
27,6,Sandan,Maus-Pokémon
27,7,Sandshrew,Pokémon Ratón
27,8,Sandshrew,Pokémon Topo
27,9,Sandshrew,Mouse Pokémon
27,11,サンド,ねずみポケモン
27,12,穿山鼠,鼠宝可梦
28,1,サンドパン,ねずみポケモン
28,2,Sandpan,
28,3,고지,쥐포켓몬
28,4,穿山王,鼠寶可夢
28,5,Sablaireau,Pokémon Souris
28,6,Sandamer,Maus-Pokémon
28,7,Sandslash,Pokémon Ratón
28,8,Sandslash,Pokémon Topo
28,9,Sandslash,Mouse Pokémon
28,11,サンドパン,ねずみポケモン
28,12,穿山王,鼠宝可梦
29,1,ニドラン♀,どくばりポケモン
29,2,Nidoran♀,
29,3,니드런♀,독침포켓몬
29,4,尼多蘭,毒針寶可夢
29,5,Nidoran♀,Pokémon Vénépic
29,6,Nidoran♀,Giftdorn-Pokémon
29,7,Nidoran♀,Pokémon Pin Veneno
29,8,Nidoran♀,Pokémon Velenago
29,9,Nidoran♀,Poison Pin Pokémon
29,11,ニドラン♀,どくばりポケモン
29,12,尼多兰,毒针宝可梦
30,1,ニドリーナ,どくばりポケモン
30,2,Nidorina,
30,3,니드리나,독침포켓몬
30,4,尼多娜,毒針寶可夢
30,5,Nidorina,Pokémon Vénépic
30,6,Nidorina,Giftdorn-Pokémon
30,7,Nidorina,Pokémon Pin Veneno
30,8,Nidorina,Pokémon Velenago
30,9,Nidorina,Poison Pin Pokémon
30,11,ニドリーナ,どくばりポケモン
30,12,尼多娜,毒针宝可梦
31,1,ニドクイン,ドリルポケモン
31,2,Nidoqueen,
31,3,니드퀸,드릴포켓몬
31,4,尼多后,鑽錐寶可夢
31,5,Nidoqueen,Pokémon Perceur
31,6,Nidoqueen,Bohrer-Pokémon
31,7,Nidoqueen,Pokémon Taladro
31,8,Nidoqueen,Pokémon Trapano
31,9,Nidoqueen,Drill Pokémon
31,11,ニドクイン,ドリルポケモン
31,12,尼多后,钻锥宝可梦
32,1,ニドラン♂,どくばりポケモン
32,2,Nidoran♂,
32,3,니드런♂,독침포켓몬
32,4,尼多朗,毒針寶可夢
32,5,Nidoran♂,Pokémon Vénépic
32,6,Nidoran♂,Giftdorn-Pokémon
32,7,Nidoran♂,Pokémon Pin Veneno
32,8,Nidoran♂,Pokémon Velenago
32,9,Nidoran♂,Poison Pin Pokémon
32,11,ニドラン♂,どくばりポケモン
32,12,尼多朗,毒针宝可梦
33,1,ニドリーノ,どくばりポケモン
33,2,Nidorino,
33,3,니드리노,독침포켓몬
33,4,尼多力諾,毒針寶可夢
33,5,Nidorino,Pokémon Vénépic
33,6,Nidorino,Giftdorn-Pokémon
33,7,Nidorino,Pokémon Pin Veneno
33,8,Nidorino,Pokémon Velenago
33,9,Nidorino,Poison Pin Pokémon
33,11,ニドリーノ,どくばりポケモン
33,12,尼多力诺,毒针宝可梦
34,1,ニドキング,ドリルポケモン
34,2,Nidoking,
34,3,니드킹,드릴포켓몬
34,4,尼多王,鑽錐寶可夢
34,5,Nidoking,Pokémon Perceur
34,6,Nidoking,Bohrer-Pokémon
34,7,Nidoking,Pokémon Taladro
34,8,Nidoking,Pokémon Trapano
34,9,Nidoking,Drill Pokémon
34,11,ニドキング,ドリルポケモン
34,12,尼多王,钻锥宝可梦
35,1,ピッピ,ようせいポケモン
35,2,Pippi,
35,3,삐삐,요정포켓몬
35,4,皮皮,妖精寶可夢
35,5,Mélofée,Pokémon Fée
35,6,Piepi,Feen-Pokémon
35,7,Clefairy,Pokémon Hada
35,8,Clefairy,Pokémon Fata
35,9,Clefairy,Fairy Pokémon
35,11,ピッピ,ようせいポケモン
35,12,皮皮,妖精宝可梦
36,1,ピクシー,ようせいポケモン
36,2,Pixy,
36,3,픽시,요정포켓몬
36,4,皮可西,妖精寶可夢
36,5,Mélodelfe,Pokémon Fée
36,6,Pixi,Feen-Pokémon
36,7,Clefable,Pokémon Hada
36,8,Clefable,Pokémon Fata
36,9,Clefable,Fairy Pokémon
36,11,ピクシー,ようせいポケモン
36,12,皮可西,妖精宝可梦
37,1,ロコン,きつねポケモン
37,2,Rokon,
37,3,식스테일,여우포켓몬
37,4,六尾,狐狸寶可夢
37,5,Goupix,Pokémon Renard
37,6,Vulpix,Fuchs-Pokémon
37,7,Vulpix,Pokémon Zorro
37,8,Vulpix,Pokémon Volpe
37,9,Vulpix,Fox Pokémon
37,11,ロコン,きつねポケモン
37,12,六尾,狐狸宝可梦
38,1,キュウコン,きつねポケモン
38,2,Kyukon,
38,3,나인테일,여우포켓몬
38,4,九尾,狐狸寶可夢
38,5,Feunard,Pokémon Renard
38,6,Vulnona,Fuchs-Pokémon
38,7,Ninetales,Pokémon Zorro
38,8,Ninetales,Pokémon Volpe
38,9,Ninetales,Fox Pokémon
38,11,キュウコン,きつねポケモン
38,12,九尾,狐狸宝可梦
39,1,プリン,ふうせんポケモン
39,2,Purin,
39,3,푸린,풍선포켓몬
39,4,胖丁,氣球寶可夢
39,5,Rondoudou,Pokémon Bouboule
39,6,Pummeluff,Ballon-Pokémon
39,7,Jigglypuff,Pokémon Globo
39,8,Jigglypuff,Pokémon Pallone
39,9,Jigglypuff,Balloon Pokémon
39,11,プリン,ふうせんポケモン
39,12,胖丁,气球宝可梦
40,1,プクリン,ふうせんポケモン
40,2,Pukurin,
40,3,푸크린,풍선포켓몬
40,4,胖可丁,氣球寶可夢
40,5,Grodoudou,Pokémon Bouboule
40,6,Knuddeluff,Ballon-Pokémon
40,7,Wigglytuff,Pokémon Globo
40,8,Wigglytuff,Pokémon Pallone
40,9,Wigglytuff,Balloon Pokémon
40,11,プクリン,ふうせんポケモン
40,12,胖可丁,气球宝可梦
41,1,ズバット,こうもりポケモン
41,2,Zubat,
41,3,주뱃,박쥐포켓몬
41,4,超音蝠,蝙蝠寶可夢
41,5,Nosferapti,Pokémon Chovsouris
41,6,Zubat,Fledermaus-Pokémon
41,7,Zubat,Pokémon Murciélago
41,8,Zubat,Pokémon Pipistrello
41,9,Zubat,Bat Pokémon
41,11,ズバット,こうもりポケモン
41,12,超音蝠,蝙蝠宝可梦
42,1,ゴルバット,こうもりポケモン
42,2,Golbat,
42,3,골뱃,박쥐포켓몬
42,4,大嘴蝠,蝙蝠寶可夢
42,5,Nosferalto,Pokémon Chovsouris
42,6,Golbat,Fledermaus-Pokémon
42,7,Golbat,Pokémon Murciélago
42,8,Golbat,Pokémon Pipistrello
42,9,Golbat,Bat Pokémon
42,11,ゴルバット,こうもりポケモン
42,12,大嘴蝠,蝙蝠宝可梦
43,1,ナゾノクサ,ざっそうポケモン
43,2,Nazonokusa,
43,3,뚜벅쵸,잡초포켓몬
43,4,走路草,雜草寶可夢
43,5,Mystherbe,Pokémon Racine
43,6,Myrapla,Unkraut-Pokémon
43,7,Oddish,Pokémon Hierbajo
43,8,Oddish,Pokémon Malerba
43,9,Oddish,Weed Pokémon
43,11,ナゾノクサ,ざっそうポケモン
43,12,走路草,杂草宝可梦
44,1,クサイハナ,ざっそうポケモン
44,2,Kusaihana,
44,3,냄새꼬,잡초포켓몬
44,4,臭臭花,雜草寶可夢
44,5,Ortide,Pokémon Racine
44,6,Duflor,Unkraut-Pokémon
44,7,Gloom,Pokémon Hierbajo
44,8,Gloom,Pokémon Malerba
44,9,Gloom,Weed Pokémon
44,11,クサイハナ,ざっそうポケモン
44,12,臭臭花,杂草宝可梦
45,1,ラフレシア,フラワーポケモン
45,2,Ruffresia,
45,3,라플레시아,꽃포켓몬
45,4,霸王花,花寶可夢
45,5,Rafflesia,Pokémon Fleur
45,6,Giflor,Blumen-Pokémon
45,7,Vileplume,Pokémon Flor
45,8,Vileplume,Pokémon Fiore
45,9,Vileplume,Flower Pokémon
45,11,ラフレシア,フラワーポケモン
45,12,霸王花,花宝可梦
46,1,パラス,きのこポケモン
46,2,Paras,
46,3,파라스,버섯포켓몬
46,4,派拉斯,蘑菇寶可夢
46,5,Paras,Pokémon Champignon
46,6,Paras,Pilz
46,7,Paras,Pokémon Hongo
46,8,Paras,Pokémon Fungo
46,9,Paras,Mushroom Pokémon
46,11,パラス,きのこポケモン
46,12,派拉斯,蘑菇宝可梦
47,1,パラセクト,きのこポケモン
47,2,Parasect,
47,3,파라섹트,버섯포켓몬
47,4,派拉斯特,蘑菇寶可夢
47,5,Parasect,Pokémon Champignon
47,6,Parasek,Pilz
47,7,Parasect,Pokémon Hongo
47,8,Parasect,Pokémon Fungo
47,9,Parasect,Mushroom Pokémon
47,11,パラセクト,きのこポケモン
47,12,派拉斯特,蘑菇宝可梦
48,1,コンパン,こんちゅうポケモン
48,2,Kongpang,
48,3,콘팡,곤충포켓몬
48,4,毛球,昆蟲寶可夢
48,5,Mimitoss,Pokémon Vermine
48,6,Bluzuk,Insekt
48,7,Venonat,Pokémon Insecto
48,8,Venonat,Pokémon Insetto
48,9,Venonat,Insect Pokémon
48,11,コンパン,こんちゅうポケモン
48,12,毛球,昆虫宝可梦
49,1,モルフォン,どくがポケモン
49,2,Morphon,
49,3,도나리,독나방포켓몬
49,4,摩魯蛾,毒蛾寶可夢
49,5,Aéromite,Pokémon Papipoison
49,6,Omot,Giftmotte
49,7,Venomoth,Pokémon Polilla Ven.
49,8,Venomoth,Pokémon Velentarma
49,9,Venomoth,Poison Moth Pokémon
49,11,モルフォン,どくがポケモン
49,12,摩鲁蛾,毒蛾宝可梦
50,1,ディグダ,もぐらポケモン
50,2,Digda,
50,3,디그다,두더지포켓몬
50,4,地鼠,鼴鼠寶可夢
50,5,Taupiqueur,Pokémon Taupe
50,6,Digda,Maulwurf-Pokémon
50,7,Diglett,Pokémon Topo
50,8,Diglett,Pokémon Talpa
50,9,Diglett,Mole Pokémon
50,11,ディグダ,もぐらポケモン
50,12,地鼠,鼹鼠宝可梦
51,1,ダグトリオ,もぐらポケモン
51,2,Dugtrio,
51,3,닥트리오,두더지포켓몬
51,4,三地鼠,鼴鼠寶可夢
51,5,Triopikeur,Pokémon Taupe
51,6,Digdri,Maulwurf-Pokémon
51,7,Dugtrio,Pokémon Topo
51,8,Dugtrio,Pokémon Talpa
51,9,Dugtrio,Mole Pokémon
51,11,ダグトリオ,もぐらポケモン
51,12,三地鼠,鼹鼠宝可梦
52,1,ニャース,ばけねこポケモン
52,2,Nyarth,
52,3,나옹,요괴고양이포켓몬
52,4,喵喵,妖怪貓寶可夢
52,5,Miaouss,Pokémon Chadégout
52,6,Mauzi,Katzen-Pokémon
52,7,Meowth,Pokémon Gato Araña
52,8,Meowth,Pokémon Graffimiao
52,9,Meowth,Scratch Cat Pokémon
52,11,ニャース,ばけねこポケモン
52,12,喵喵,妖怪猫宝可梦
53,1,ペルシアン,シャムネコポケモン
53,2,Persian,
53,3,페르시온,샴고양이포켓몬
53,4,貓老大,暹羅貓寶可夢
53,5,Persian,Pokémon Chadeville
53,6,Snobilikat,Rassekatzen-Pokémon
53,7,Persian,Pokémon Gato Fino
53,8,Persian,Pokémon Nobilgatto
53,9,Persian,Classy Cat Pokémon
53,11,ペルシアン,シャムネコポケモン
53,12,猫老大,暹罗猫宝可梦
54,1,コダック,あひるポケモン
54,2,Koduck,
54,3,고라파덕,오리포켓몬
54,4,可達鴨,鴨寶可夢
54,5,Psykokwak,Pokémon Canard
54,6,Enton,Enten-Pokémon
54,7,Psyduck,Pokémon Pato
54,8,Psyduck,Pokémon Papero
54,9,Psyduck,Duck Pokémon
54,11,コダック,あひるポケモン
54,12,可达鸭,鸭宝可梦
55,1,ゴルダック,あひるポケモン
55,2,Golduck,
55,3,골덕,오리포켓몬
55,4,哥達鴨,鴨寶可夢
55,5,Akwakwak,Pokémon Canard
55,6,Entoron,Enten-Pokémon
55,7,Golduck,Pokémon Pato
55,8,Golduck,Pokémon Papero
55,9,Golduck,Duck Pokémon
55,11,ゴルダック,あひるポケモン
55,12,哥达鸭,鸭宝可梦
56,1,マンキー,ぶたざるポケモン
56,2,Mankey,
56,3,망키,돈숭이포켓몬
56,4,猴怪,豬猴寶可夢
56,5,Férosinge,Pokémon Porsinge
56,6,Menki,Schwein/Affe
56,7,Mankey,Pokémon Mono Cerdo
56,8,Mankey,Pokémon Suinpanzé
56,9,Mankey,Pig Monkey Pokémon
56,11,マンキー,ぶたざるポケモン
56,12,猴怪,猪猴宝可梦
57,1,オコリザル,ぶたざるポケモン
57,2,Okorizaru,
57,3,성원숭,돈숭이포켓몬
57,4,火爆猴,豬猴寶可夢
57,5,Colossinge,Pokémon Porsinge
57,6,Rasaff,Schwein/Affe
57,7,Primeape,Pokémon Mono Cerdo
57,8,Primeape,Pokémon Suinpanzé
57,9,Primeape,Pig Monkey Pokémon
57,11,オコリザル,ぶたざるポケモン
57,12,火暴猴,猪猴宝可梦
58,1,ガーディ,こいぬポケモン
58,2,Gardie,
58,3,가디,강아지포켓몬
58,4,卡蒂狗,小狗寶可夢
58,5,Caninos,Pokémon Chiot
58,6,Fukano,Welpen-Pokémon
58,7,Growlithe,Pokémon Perrito
58,8,Growlithe,Pokémon Cagnolino
58,9,Growlithe,Puppy Pokémon
58,11,ガーディ,こいぬポケモン
58,12,卡蒂狗,小狗宝可梦
59,1,ウインディ,でんせつポケモン
59,2,Windie,
59,3,윈디,전설포켓몬
59,4,風速狗,傳說寶可夢
59,5,Arcanin,Pokémon Légendaire
59,6,Arkani,Legendär-Pokémon
59,7,Arcanine,Pokémon Leyenda
59,8,Arcanine,Pokémon Leggenda
59,9,Arcanine,Legendary Pokémon
59,11,ウインディ,でんせつポケモン
59,12,风速狗,传说宝可梦
60,1,ニョロモ,おたまポケモン
60,2,Nyoromo,
60,3,발챙이,올챙이포켓몬
60,4,蚊香蝌蚪,蝌蚪寶可夢
60,5,Ptitard,Pokémon Têtard
60,6,Quapsel,Kaulquappen-Pokémon
60,7,Poliwag,Pokémon Renacuajo
60,8,Poliwag,Pokémon Girino
60,9,Poliwag,Tadpole Pokémon
60,11,ニョロモ,おたまポケモン
60,12,蚊香蝌蚪,蝌蚪宝可梦
61,1,ニョロゾ,おたまポケモン
61,2,Nyorozo,
61,3,슈륙챙이,올챙이포켓몬
61,4,蚊香君,蝌蚪寶可夢
61,5,Têtarte,Pokémon Têtard
61,6,Quaputzi,Kaulquappen-Pokémon
61,7,Poliwhirl,Pokémon Renacuajo
61,8,Poliwhirl,Pokémon Girino
61,9,Poliwhirl,Tadpole Pokémon
61,11,ニョロゾ,おたまポケモン
61,12,蚊香君,蝌蚪宝可梦
62,1,ニョロボン,おたまポケモン
62,2,Nyorobon,
62,3,강챙이,올챙이포켓몬
62,4,蚊香泳士,蝌蚪寶可夢
62,5,Tartard,Pokémon Têtard
62,6,Quappo,Kaulquappen-Pokémon
62,7,Poliwrath,Pokémon Renacuajo
62,8,Poliwrath,Pokémon Girino
62,9,Poliwrath,Tadpole Pokémon
62,11,ニョロボン,おたまポケモン
62,12,蚊香泳士,蝌蚪宝可梦
63,1,ケーシィ,ねんりきポケモン
63,2,Casey,
63,3,캐이시,초능력포켓몬
63,4,凱西,念力寶可夢
63,5,Abra,Pokémon Psy
63,6,Abra,Psi-Pokémon
63,7,Abra,Pokémon Psi
63,8,Abra,Pokémon Psico
63,9,Abra,Psi Pokémon
63,11,ケーシィ,ねんりきポケモン
63,12,凯西,念力宝可梦
64,1,ユンゲラー,ねんりきポケモン
64,2,Yungerer,
64,3,윤겔라,초능력포켓몬
64,4,勇基拉,念力寶可夢
64,5,Kadabra,Pokémon Psy
64,6,Kadabra,Psi-Pokémon
64,7,Kadabra,Pokémon Psi
64,8,Kadabra,Pokémon Psico
64,9,Kadabra,Psi Pokémon
64,11,ユンゲラー,ねんりきポケモン
64,12,勇基拉,念力宝可梦
65,1,フーディン,ねんりきポケモン
65,2,Foodin,
65,3,후딘,초능력포켓몬
65,4,胡地,念力寶可夢
65,5,Alakazam,Pokémon Psy
65,6,Simsala,Psi-Pokémon
65,7,Alakazam,Pokémon Psi
65,8,Alakazam,Pokémon Psico
65,9,Alakazam,Psi Pokémon
65,11,フーディン,ねんりきポケモン
65,12,胡地,念力宝可梦
66,1,ワンリキー,かいりきポケモン
66,2,Wanriky,
66,3,알통몬,괴력포켓몬
66,4,腕力,怪力寶可夢
66,5,Machoc,Pokémon Colosse
66,6,Machollo,Kraftprotz-Pokémon
66,7,Machop,Pokémon Superpoder
66,8,Machop,Pokémon Megaforza
66,9,Machop,Superpower Pokémon
66,11,ワンリキー,かいりきポケモン
66,12,腕力,怪力宝可梦
67,1,ゴーリキー,かいりきポケモン
67,2,Goriky,
67,3,근육몬,괴력포켓몬
67,4,豪力,怪力寶可夢
67,5,Machopeur,Pokémon Colosse
67,6,Maschock,Kraftprotz-Pokémon
67,7,Machoke,Pokémon Superpoder
67,8,Machoke,Pokémon Megaforza
67,9,Machoke,Superpower Pokémon
67,11,ゴーリキー,かいりきポケモン
67,12,豪力,怪力宝可梦
68,1,カイリキー,かいりきポケモン
68,2,Kairiky,
68,3,괴력몬,괴력포켓몬
68,4,怪力,怪力寶可夢
68,5,Mackogneur,Pokémon Colosse
68,6,Machomei,Kraftprotz-Pokémon
68,7,Machamp,Pokémon Superpoder
68,8,Machamp,Pokémon Megaforza
68,9,Machamp,Superpower Pokémon
68,11,カイリキー,かいりきポケモン
68,12,怪力,怪力宝可梦
69,1,マダツボミ,フラワーポケモン
69,2,Madatsubomi,
69,3,모다피,꽃포켓몬
69,4,喇叭芽,花寶可夢
69,5,Chétiflor,Pokémon Fleur
69,6,Knofensa,Blume
69,7,Bellsprout,Pokémon Flor
69,8,Bellsprout,Pokémon Fiore
69,9,Bellsprout,Flower Pokémon
69,11,マダツボミ,フラワーポケモン
69,12,喇叭芽,花宝可梦
70,1,ウツドン,ハエとりポケモン
70,2,Utsudon,
70,3,우츠동,파리잡이포켓몬
70,4,口呆花,捕蠅寶可夢
70,5,Boustiflor,Pokémon Carnivore
70,6,Ultrigaria,Fliegentod
70,7,Weepinbell,Pokémon Matamoscas
70,8,Weepinbell,Pokémon Moschivoro
70,9,Weepinbell,Flycatcher Pokémon
70,11,ウツドン,ハエとりポケモン
70,12,口呆花,捕蝇宝可梦
71,1,ウツボット,ハエとりポケモン
71,2,Utsubot,
71,3,우츠보트,파리잡이포켓몬
71,4,大食花,捕蠅寶可夢
71,5,Empiflor,Pokémon Carnivore
71,6,Sarzenia,Fliegentod
71,7,Victreebel,Pokémon Matamoscas
71,8,Victreebel,Pokémon Moschivoro
71,9,Victreebel,Flycatcher Pokémon
71,11,ウツボット,ハエとりポケモン
71,12,大食花,捕蝇宝可梦
72,1,メノクラゲ,くらげポケモン
72,2,Menokurage,
72,3,왕눈해,해파리포켓몬
72,4,瑪瑙水母,水母寶可夢
72,5,Tentacool,Pokémon Mollusque
72,6,Tentacha,Quallen-Pokémon
72,7,Tentacool,Pokémon Medusa
72,8,Tentacool,Pokémon Medusa
72,9,Tentacool,Jellyfish Pokémon
72,11,メノクラゲ,くらげポケモン
72,12,玛瑙水母,水母宝可梦
73,1,ドククラゲ,くらげポケモン
73,2,Dokukurage,
73,3,독파리,해파리포켓몬
73,4,毒刺水母,水母寶可夢
73,5,Tentacruel,Pokémon Mollusque
73,6,Tentoxa,Quallen-Pokémon
73,7,Tentacruel,Pokémon Medusa
73,8,Tentacruel,Pokémon Medusa
73,9,Tentacruel,Jellyfish Pokémon
73,11,ドククラゲ,くらげポケモン
73,12,毒刺水母,水母宝可梦
74,1,イシツブテ,がんせきポケモン
74,2,Isitsubute,
74,3,꼬마돌,암석포켓몬
74,4,小拳石,岩石寶可夢
74,5,Racaillou,Pokémon Roche
74,6,Kleinstein,Gestein
74,7,Geodude,Pokémon Roca
74,8,Geodude,Pokémon Roccia
74,9,Geodude,Rock Pokémon
74,11,イシツブテ,がんせきポケモン
74,12,小拳石,岩石宝可梦
75,1,ゴローン,がんせきポケモン
75,2,Golone,
75,3,데구리,암석포켓몬
75,4,隆隆石,岩石寶可夢
75,5,Gravalanch,Pokémon Roche
75,6,Georok,Gestein
75,7,Graveler,Pokémon Roca
75,8,Graveler,Pokémon Roccia
75,9,Graveler,Rock Pokémon
75,11,ゴローン,がんせきポケモン
75,12,隆隆石,岩石宝可梦
76,1,ゴローニャ,メガトンポケモン
76,2,Golonya,
76,3,딱구리,메가톤포켓몬
76,4,隆隆岩,重量級寶可夢
76,5,Grolem,Pokémon Titanesque
76,6,Geowaz,Urgestein
76,7,Golem,Pokémon Megatón
76,8,Golem,Pokémon Megatone
76,9,Golem,Megaton Pokémon
76,11,ゴローニャ,メガトンポケモン
76,12,隆隆岩,重量级宝可梦
77,1,ポニータ,ひのうまポケモン
77,2,Ponyta,
77,3,포니타,불의말포켓몬
77,4,小火馬,火馬寶可夢
77,5,Ponyta,Pokémon Cheval Feu
77,6,Ponita,Feuerpferd-Pokémon
77,7,Ponyta,Pokémon Caballo Fuego
77,8,Ponyta,Pokémon Cavalfuoco
77,9,Ponyta,Fire Horse Pokémon
77,11,ポニータ,ひのうまポケモン
77,12,小火马,火马宝可梦
78,1,ギャロップ,ひのうまポケモン
78,2,Gallop,
78,3,날쌩마,불의말포켓몬
78,4,烈焰馬,火馬寶可夢
78,5,Galopa,Pokémon Cheval Feu
78,6,Gallopa,Feuerpferd-Pokémon
78,7,Rapidash,Pokémon Caballo Fuego
78,8,Rapidash,Pokémon Cavalfuoco
78,9,Rapidash,Fire Horse Pokémon
78,11,ギャロップ,ひのうまポケモン
78,12,烈焰马,火马宝可梦
79,1,ヤドン,まぬけポケモン
79,2,Yadon,
79,3,야돈,얼간이포켓몬
79,4,呆呆獸,憨憨寶可夢
79,5,Ramoloss,Pokémon Crétin
79,6,Flegmon,Schnarcher-Pokémon
79,7,Slowpoke,Pokémon Atontado
79,8,Slowpoke,Pokémon Ronfone
79,9,Slowpoke,Dopey Pokémon
79,11,ヤドン,まぬけポケモン
79,12,呆呆兽,憨憨宝可梦
80,1,ヤドラン,やどかりポケモン
80,2,Yadoran,
80,3,야도란,기생포켓몬
80,4,呆殼獸,寄居蟹寶可夢
80,5,Flagadoss,Pokémon Symbiose
80,6,Lahmus,Symbiose-Pokémon
80,7,Slowbro,Pokémon Ermitaño
80,8,Slowbro,Pokémon Paguro
80,9,Slowbro,Hermit Crab Pokémon
80,11,ヤドラン,やどかりポケモン
80,12,呆壳兽,寄居蟹宝可梦
81,1,コイル,じしゃくポケモン
81,2,Coil,
81,3,코일,자석포켓몬
81,4,小磁怪,磁鐵寶可夢
81,5,Magnéti,Pokémon Magnétique
81,6,Magnetilo,Magnet-Pokémon
81,7,Magnemite,Pokémon Imán
81,8,Magnemite,Pokémon Calamita
81,9,Magnemite,Magnet Pokémon
81,11,コイル,じしゃくポケモン
81,12,小磁怪,磁铁宝可梦
82,1,レアコイル,じしゃくポケモン
82,2,Rarecoil,
82,3,레어코일,자석포켓몬
82,4,三合一磁怪,磁鐵寶可夢
82,5,Magnéton,Pokémon Magnétique
82,6,Magneton,Magnet-Pokémon
82,7,Magneton,Pokémon Imán
82,8,Magneton,Pokémon Calamita
82,9,Magneton,Magnet Pokémon
82,11,レアコイル,じしゃくポケモン
82,12,三合一磁怪,磁铁宝可梦
83,1,カモネギ,かるがもポケモン
83,2,Kamonegi,
83,3,파오리,청둥오리포켓몬
83,4,大蔥鴨,黃嘴鴨寶可夢
83,5,Canarticho,Pokémon Canard Fou
83,6,Porenta,Wildenten-Pokémon
83,7,Farfetch’d,Pokémon Pato Salvaje
83,8,Farfetch’d,Pokémon Selvanatra
83,9,Farfetch’d,Wild Duck Pokémon
83,11,カモネギ,かるがもポケモン
83,12,大葱鸭,黄嘴鸭宝可梦
84,1,ドードー,ふたごどりポケモン
84,2,Dodo,
84,3,두두,쌍둥이새포켓몬
84,4,嘟嘟,兩頭鳥寶可夢
84,5,Doduo,Pokémon Duoiseau
84,6,Dodu,Duovogel
84,7,Doduo,Pokémon Ave Gemela
84,8,Doduo,Pokémon Biuccello
84,9,Doduo,Twin Bird Pokémon
84,11,ドードー,ふたごどりポケモン
84,12,嘟嘟,两头鸟宝可梦
85,1,ドードリオ,みつごどりポケモン
85,2,Dodorio,
85,3,두트리오,세쌍둥이새포켓몬
85,4,嘟嘟利,三頭鳥寶可夢
85,5,Dodrio,Pokémon Trioiseau
85,6,Dodri,Trivogel
85,7,Dodrio,Pokémon Ave Triple
85,8,Dodrio,Pokémon Triuccello
85,9,Dodrio,Triple Bird Pokémon
85,11,ドードリオ,みつごどりポケモン
85,12,嘟嘟利,三头鸟宝可梦
86,1,パウワウ,あしかポケモン
86,2,Pawou,
86,3,쥬쥬,강치포켓몬
86,4,小海獅,海獅寶可夢
86,5,Otaria,Pokémon Otarie
86,6,Jurob,Seehund
86,7,Seel,Pokémon León Marino
86,8,Seel,Pokémon Otaria
86,9,Seel,Sea Lion Pokémon
86,11,パウワウ,あしかポケモン
86,12,小海狮,海狮宝可梦
87,1,ジュゴン,あしかポケモン
87,2,Jugon,
87,3,쥬레곤,강치포켓몬
87,4,白海獅,海獅寶可夢
87,5,Lamantine,Pokémon Otarie
87,6,Jugong,Seehund
87,7,Dewgong,Pokémon León Marino
87,8,Dewgong,Pokémon Otaria
87,9,Dewgong,Sea Lion Pokémon
87,11,ジュゴン,あしかポケモン
87,12,白海狮,海狮宝可梦
88,1,ベトベター,ヘドロポケモン
88,2,Betbeter,
88,3,질퍽이,진흙포켓몬
88,4,臭泥,污泥寶可夢
88,5,Tadmorv,Pokémon Dégueu
88,6,Sleima,Schlamm
88,7,Grimer,Pokémon Lodo
88,8,Grimer,Pokémon Melma
88,9,Grimer,Sludge Pokémon
88,11,ベトベター,ヘドロポケモン
88,12,臭泥,污泥宝可梦
89,1,ベトベトン,ヘドロポケモン
89,2,Betbeton,
89,3,질뻐기,진흙포켓몬
89,4,臭臭泥,污泥寶可夢
89,5,Grotadmorv,Pokémon Dégueu
89,6,Sleimok,Schlamm
89,7,Muk,Pokémon Lodo
89,8,Muk,Pokémon Melma
89,9,Muk,Sludge Pokémon
89,11,ベトベトン,ヘドロポケモン
89,12,臭臭泥,污泥宝可梦
90,1,シェルダー,２まいがいポケモン
90,2,Shellder,
90,3,셀러,두조개포켓몬
90,4,大舌貝,雙殼貝寶可夢
90,5,Kokiyas,Pokémon Bivalve
90,6,Muschas,Muschel-Pokémon
90,7,Shellder,Pokémon Bivalvo
90,8,Shellder,Pokémon Bivalve
90,9,Shellder,Bivalve Pokémon
90,11,シェルダー,２まいがいポケモン
90,12,大舌贝,双壳贝宝可梦
91,1,パルシェン,２まいがいポケモン
91,2,Parshen,
91,3,파르셀,두조개포켓몬
91,4,刺甲貝,雙殼貝寶可夢
91,5,Crustabri,Pokémon Bivalve
91,6,Austos,Muschel-Pokémon
91,7,Cloyster,Pokémon Bivalvo
91,8,Cloyster,Pokémon Bivalve
91,9,Cloyster,Bivalve Pokémon
91,11,パルシェン,２まいがいポケモン
91,12,刺甲贝,双壳贝宝可梦
92,1,ゴース,ガスじょうポケモン
92,2,Ghos,
92,3,고오스,가스포켓몬
92,4,鬼斯,氣體狀寶可夢
92,5,Fantominus,Pokémon Gaz
92,6,Nebulak,Gas-Pokémon
92,7,Gastly,Pokémon Gas
92,8,Gastly,Pokémon Gas
92,9,Gastly,Gas Pokémon
92,11,ゴース,ガスじょうポケモン
92,12,鬼斯,气体状宝可梦
93,1,ゴースト,ガスじょうポケモン
93,2,Ghost,
93,3,고우스트,가스포켓몬
93,4,鬼斯通,氣體狀寶可夢
93,5,Spectrum,Pokémon Gaz
93,6,Alpollo,Gas-Pokémon
93,7,Haunter,Pokémon Gas
93,8,Haunter,Pokémon Gas
93,9,Haunter,Gas Pokémon
93,11,ゴースト,ガスじょうポケモン
93,12,鬼斯通,气体状宝可梦
94,1,ゲンガー,シャドーポケモン
94,2,Gangar,
94,3,팬텀,그림자포켓몬
94,4,耿鬼,影子寶可夢
94,5,Ectoplasma,Pokémon Ombre
94,6,Gengar,Schatten-Pokémon
94,7,Gengar,Pokémon Sombra
94,8,Gengar,Pokémon Ombra
94,9,Gengar,Shadow Pokémon
94,11,ゲンガー,シャドーポケモン
94,12,耿鬼,影子宝可梦
95,1,イワーク,いわへびポケモン
95,2,Iwark,
95,3,롱스톤,돌뱀포켓몬
95,4,大岩蛇,岩蛇寶可夢
95,5,Onix,Pokémon Serpenroc
95,6,Onix,Felsnatter-Pokémon
95,7,Onix,Pokémon Serpiente Roca
95,8,Onix,Pokémon Serpesasso
95,9,Onix,Rock Snake Pokémon
95,11,イワーク,いわへびポケモン
95,12,大岩蛇,岩蛇宝可梦
96,1,スリープ,さいみんポケモン
96,2,Sleep,
96,3,슬리프,최면포켓몬
96,4,催眠貘,催眠寶可夢
96,5,Soporifik,Pokémon Hypnose
96,6,Traumato,Hypnose
96,7,Drowzee,Pokémon Hipnosis
96,8,Drowzee,Pokémon Ipnosi
96,9,Drowzee,Hypnosis Pokémon
96,11,スリープ,さいみんポケモン
96,12,催眠貘,催眠宝可梦
97,1,スリーパー,さいみんポケモン
97,2,Sleeper,
97,3,슬리퍼,최면포켓몬
97,4,引夢貘人,催眠寶可夢
97,5,Hypnomade,Pokémon Hypnose
97,6,Hypno,Hypnose
97,7,Hypno,Pokémon Hipnosis
97,8,Hypno,Pokémon Ipnosi
97,9,Hypno,Hypnosis Pokémon
97,11,スリーパー,さいみんポケモン
97,12,引梦貘人,催眠宝可梦
98,1,クラブ,さわがにポケモン
98,2,Crab,
98,3,크랩,게포켓몬
98,4,大鉗蟹,清水蟹寶可夢
98,5,Krabby,Pokémon Doux Crabe
98,6,Krabby,Krabben-Pokémon
98,7,Krabby,Pokémon Cangrejo
98,8,Krabby,Pokémon Granchio
98,9,Krabby,River Crab Pokémon
98,11,クラブ,さわがにポケモン
98,12,大钳蟹,清水蟹宝可梦
99,1,キングラー,はさみポケモン
99,2,Kingler,
99,3,킹크랩,집게포켓몬
99,4,巨鉗蟹,鉗子寶可夢
99,5,Krabboss,Pokémon Pince
99,6,Kingler,Kneifer-Pokémon
99,7,Kingler,Pokémon Tenaza
99,8,Kingler,Pokémon Chela
99,9,Kingler,Pincer Pokémon
99,11,キングラー,はさみポケモン
99,12,巨钳蟹,钳子宝可梦
100,1,ビリリダマ,ボールポケモン
100,2,Biriridama,
100,3,찌리리공,볼포켓몬
100,4,霹靂電球,球寶可夢
100,5,Voltorbe,Pokémon Balle
100,6,Voltobal,Ball
100,7,Voltorb,Pokémon Bola
100,8,Voltorb,Pokémon Ball
100,9,Voltorb,Ball Pokémon
100,11,ビリリダマ,ボールポケモン
100,12,霹雳电球,球宝可梦
101,1,マルマイン,ボールポケモン
101,2,Marumine,
101,3,붐볼,볼포켓몬
101,4,頑皮雷彈,球寶可夢
101,5,Électrode,Pokémon Balle
101,6,Lektrobal,Ball
101,7,Electrode,Pokémon Bola
101,8,Electrode,Pokémon Ball
101,9,Electrode,Ball Pokémon
101,11,マルマイン,ボールポケモン
101,12,顽皮雷弹,球宝可梦
102,1,タマタマ,たまごポケモン
102,2,Tamatama,
102,3,아라리,알포켓몬
102,4,蛋蛋,蛋寶可夢
102,5,Noeunoeuf,Pokémon Œuf
102,6,Owei,Ei-Pokémon
102,7,Exeggcute,Pokémon Huevo
102,8,Exeggcute,Pokémon Uovo
102,9,Exeggcute,Egg Pokémon
102,11,タマタマ,たまごポケモン
102,12,蛋蛋,蛋宝可梦
103,1,ナッシー,やしのみポケモン
103,2,Nassy,
103,3,나시,야자열매포켓몬
103,4,椰蛋樹,椰子寶可夢
103,5,Noadkoko,Pokémon Fruitpalme
103,6,Kokowei,Palmfrucht-Pokémon
103,7,Exeggutor,Pokémon Coco
103,8,Exeggutor,Pokémon Nocecocco
103,9,Exeggutor,Coconut Pokémon
103,11,ナッシー,やしのみポケモン
103,12,椰蛋树,椰子宝可梦
104,1,カラカラ,こどくポケモン
104,2,Karakara,
104,3,탕구리,고독포켓몬
104,4,卡拉卡拉,孤獨寶可夢
104,5,Osselait,Pokémon Solitaire
104,6,Tragosso,Einsam-Pokémon
104,7,Cubone,Pokémon Solitario
104,8,Cubone,Pokémon Solitario
104,9,Cubone,Lonely Pokémon
104,11,カラカラ,こどくポケモン
104,12,卡拉卡拉,孤独宝可梦
105,1,ガラガラ,ほねずきポケモン
105,2,Garagara,
105,3,텅구리,뼈다귀포켓몬
105,4,嘎啦嘎啦,愛骨寶可夢
105,5,Ossatueur,Pokémon Gard’Os
105,6,Knogga,Knochenfan-Pokémon
105,7,Marowak,Pokémon Apilahueso
105,8,Marowak,Pokémon Guardaossi
105,9,Marowak,Bone Keeper Pokémon
105,11,ガラガラ,ほねずきポケモン
105,12,嘎啦嘎啦,爱骨宝可梦
106,1,サワムラー,キックポケモン
106,2,Sawamular,
106,3,시라소몬,킥포켓몬
106,4,飛腿郎,踢腿寶可夢
106,5,Kicklee,Pokémon Latteur
106,6,Kicklee,Kicker-Pokémon
106,7,Hitmonlee,Pokémon Patada
106,8,Hitmonlee,Pokémon Tiracalci
106,9,Hitmonlee,Kicking Pokémon
106,11,サワムラー,キックポケモン
106,12,飞腿郎,踢腿宝可梦
107,1,エビワラー,パンチポケモン
107,2,Ebiwalar,
107,3,홍수몬,펀치포켓몬
107,4,快拳郎,拳擊寶可夢
107,5,Tygnon,Pokémon Puncheur
107,6,Nockchan,Puncher-Pokémon
107,7,Hitmonchan,Pokémon Puñetazo
107,8,Hitmonchan,Pokémon Tirapugni
107,9,Hitmonchan,Punching Pokémon
107,11,エビワラー,パンチポケモン
107,12,快拳郎,拳击宝可梦
108,1,ベロリンガ,なめまわしポケモン
108,2,Beroringa,
108,3,내루미,핥기포켓몬
108,4,大舌頭,舔舔寶可夢
108,5,Excelangue,Pokémon Lécheur
108,6,Schlurp,Schlecker-Pokémon
108,7,Lickitung,Pokémon Lametazo
108,8,Lickitung,Pokémon Linguaccia
108,9,Lickitung,Licking Pokémon
108,11,ベロリンガ,なめまわしポケモン
108,12,大舌头,舔舔宝可梦
109,1,ドガース,どくガスポケモン
109,2,Dogars,
109,3,또가스,독가스포켓몬
109,4,瓦斯彈,毒氣寶可夢
109,5,Smogo,Pokémon Gaz Mortel
109,6,Smogon,Giftwolken-Pokémon
109,7,Koffing,Pokémon Gas Venenoso
109,8,Koffing,Pokémon Velenuvola
109,9,Koffing,Poison Gas Pokémon
109,11,ドガース,どくガスポケモン
109,12,瓦斯弹,毒气宝可梦
110,1,マタドガス,どくガスポケモン
110,2,Matadogas,
110,3,또도가스,독가스포켓몬
110,4,雙彈瓦斯,毒氣寶可夢
110,5,Smogogo,Pokémon Gaz Mortel
110,6,Smogmog,Giftwolken-Pokémon
110,7,Weezing,Pokémon Gas Venenoso
110,8,Weezing,Pokémon Velenuvola
110,9,Weezing,Poison Gas Pokémon
110,11,マタドガス,どくガスポケモン
110,12,双弹瓦斯,毒气宝可梦
111,1,サイホーン,とげとげポケモン
111,2,Sihorn,
111,3,뿔카노,뿔포켓몬
111,4,獨角犀牛,尖尖寶可夢
111,5,Rhinocorne,Pokémon Piquant
111,6,Rihorn,Stachler-Pokémon
111,7,Rhyhorn,Pokémon Clavos
111,8,Rhyhorn,Pokémon Punzoni
111,9,Rhyhorn,Spikes Pokémon
111,11,サイホーン,とげとげポケモン
111,12,独角犀牛,尖尖宝可梦
112,1,サイドン,ドリルポケモン
112,2,Sidon,
112,3,코뿌리,드릴포켓몬
112,4,鑽角犀獸,鑽錐寶可夢
112,5,Rhinoféros,Pokémon Perceur
112,6,Rizeros,Bohrer-Pokémon
112,7,Rhydon,Pokémon Taladro
112,8,Rhydon,Pokémon Trapano
112,9,Rhydon,Drill Pokémon
112,11,サイドン,ドリルポケモン
112,12,钻角犀兽,钻锥宝可梦
113,1,ラッキー,たまごポケモン
113,2,Lucky,
113,3,럭키,알포켓몬
113,4,吉利蛋,蛋寶可夢
113,5,Leveinard,Pokémon Œuf
113,6,Chaneira,Ei-Pokémon
113,7,Chansey,Pokémon Huevo
113,8,Chansey,Pokémon Uovo
113,9,Chansey,Egg Pokémon
113,11,ラッキー,たまごポケモン
113,12,吉利蛋,蛋宝可梦
114,1,モンジャラ,ツルじょうポケモン
114,2,Monjara,
114,3,덩쿠리,넝쿨포켓몬
114,4,蔓藤怪,藤蔓狀寶可夢
114,5,Saquedeneu,Pokémon Vigne
114,6,Tangela,Ranken-Pokémon
114,7,Tangela,Pokémon Enredadera
114,8,Tangela,Pokémon Liana
114,9,Tangela,Vine Pokémon
114,11,モンジャラ,ツルじょうポケモン
114,12,蔓藤怪,藤蔓状宝可梦
115,1,ガルーラ,おやこポケモン
115,2,Garura,
115,3,캥카,가족포켓몬
115,4,袋獸,親子寶可夢
115,5,Kangourex,Pokémon Maternel
115,6,Kangama,Muttertier-Pokémon
115,7,Kangaskhan,Pokémon Maternal
115,8,Kangaskhan,Pokémon Genitore
115,9,Kangaskhan,Parent Pokémon
115,11,ガルーラ,おやこポケモン
115,12,袋兽,亲子宝可梦
116,1,タッツー,ドラゴンポケモン
116,2,Tattu,
116,3,쏘드라,드래곤포켓몬
116,4,墨海馬,龍寶可夢
116,5,Hypotrempe,Pokémon Dragon
116,6,Seeper,Drachen-Pokémon
116,7,Horsea,Pokémon Dragón
116,8,Horsea,Pokémon Drago
116,9,Horsea,Dragon Pokémon
116,11,タッツー,ドラゴンポケモン
116,12,墨海马,龙宝可梦
117,1,シードラ,ドラゴンポケモン
117,2,Seadra,
117,3,시드라,드래곤포켓몬
117,4,海刺龍,龍寶可夢
117,5,Hypocéan,Pokémon Dragon
117,6,Seemon,Drachen-Pokémon
117,7,Seadra,Pokémon Dragón
117,8,Seadra,Pokémon Drago
117,9,Seadra,Dragon Pokémon
117,11,シードラ,ドラゴンポケモン
117,12,海刺龙,龙宝可梦
118,1,トサキント,きんぎょポケモン
118,2,Tosakinto,
118,3,콘치,금붕어포켓몬
118,4,角金魚,金魚寶可夢
118,5,Poissirène,Pokémon Poisson
118,6,Goldini,Goldfisch-Pokémon
118,7,Goldeen,Pokémon Pez Color
118,8,Goldeen,Pokémon Pescerosso
118,9,Goldeen,Goldfish Pokémon
118,11,トサキント,きんぎょポケモン
118,12,角金鱼,金鱼宝可梦
119,1,アズマオウ,きんぎょポケモン
119,2,Azumao,
119,3,왕콘치,금붕어포켓몬
119,4,金魚王,金魚寶可夢
119,5,Poissoroy,Pokémon Poisson
119,6,Golking,Goldfisch-Pokémon
119,7,Seaking,Pokémon Pez Color
119,8,Seaking,Pokémon Pescerosso
119,9,Seaking,Goldfish Pokémon
119,11,アズマオウ,きんぎょポケモン
119,12,金鱼王,金鱼宝可梦
120,1,ヒトデマン,ほしがたポケモン
120,2,Hitodeman,
120,3,별가사리,별포켓몬
120,4,海星星,星形寶可夢
120,5,Stari,Pokémon Étoile
120,6,Sterndu,Sternform-Pokémon
120,7,Staryu,Pokémon Estrella
120,8,Staryu,Pokémon Stella
120,9,Staryu,Star Shape Pokémon
120,11,ヒトデマン,ほしがたポケモン
120,12,海星星,星形宝可梦
121,1,スターミー,なぞのポケモン
121,2,Starmie,
121,3,아쿠스타,수수께끼포켓몬
121,4,寶石海星,謎寶可夢
121,5,Staross,Pokémon Mystérieux
121,6,Starmie,Mysteriös-Pokémon
121,7,Starmie,Pokémon Misterioso
121,8,Starmie,Pokémon Misterioso
121,9,Starmie,Mysterious Pokémon
121,11,スターミー,なぞのポケモン
121,12,宝石海星,谜宝可梦
122,1,バリヤード,バリアーポケモン
122,2,Barrierd,
122,3,마임맨,배리어포켓몬
122,4,魔牆人偶,屏障寶可夢
122,5,M. Mime,Pokémon Bloqueur
122,6,Pantimos,Sperren-Pokémon
122,7,Mr. Mime,Pokémon Barrera
122,8,Mr. Mime,Pokémon Barriera
122,9,Mr. Mime,Barrier Pokémon
122,11,バリヤード,バリアーポケモン
122,12,魔墙人偶,屏障宝可梦
123,1,ストライク,かまきりポケモン
123,2,Strike,
123,3,스라크,버마재비포켓몬
123,4,飛天螳螂,螳螂寶可夢
123,5,Insécateur,Pokémon Mante
123,6,Sichlor,Mantis-Pokémon
123,7,Scyther,Pokémon Mantis
123,8,Scyther,Pokémon Mantide
123,9,Scyther,Mantis Pokémon
123,11,ストライク,かまきりポケモン
123,12,飞天螳螂,螳螂宝可梦
124,1,ルージュラ,ひとがたポケモン
124,2,Rougela,
124,3,루주라,인간형태포켓몬
124,4,迷唇姐,人形寶可夢
124,5,Lippoutou,Pokémon Humanoïde
124,6,Rossana,Humanotyp-Pokémon
124,7,Jynx,Pokémon Forma Humana
124,8,Jynx,Pokémon Umanoide
124,9,Jynx,Human Shape Pokémon
124,11,ルージュラ,ひとがたポケモン
124,12,迷唇姐,人形宝可梦
125,1,エレブー,でんげきポケモン
125,2,Eleboo,
125,3,에레브,전기포켓몬
125,4,電擊獸,電擊寶可夢
125,5,Élektek,Pokémon Électrique
125,6,Elektek,Elektro-Pokémon
125,7,Electabuzz,Pokémon Eléctrico
125,8,Electabuzz,Pokémon Elettrico
125,9,Electabuzz,Electric Pokémon
125,11,エレブー,でんげきポケモン
125,12,电击兽,电击宝可梦
126,1,ブーバー,ひふきポケモン
126,2,Boober,
126,3,마그마,불뿜기포켓몬
126,4,鴨嘴火獸,吐火寶可夢
126,5,Magmar,Pokémon Crache-Feu
126,6,Magmar,Brenner-Pokémon
126,7,Magmar,Pokémon Escupefuego
126,8,Magmar,Pokémon Sputafuoco
126,9,Magmar,Spitfire Pokémon
126,11,ブーバー,ひふきポケモン
126,12,鸭嘴火兽,吐火宝可梦
127,1,カイロス,くわがたポケモン
127,2,Kailios,
127,3,쁘사이저,뿔집게포켓몬
127,4,凱羅斯,鍬形蟲寶可夢
127,5,Scarabrute,Pokémon Scarabée
127,6,Pinsir,Kneifkäfer-Pokémon
127,7,Pinsir,Pokémon Escarabajo
127,8,Pinsir,Pokémon Cervolante
127,9,Pinsir,Stag Beetle Pokémon
127,11,カイロス,くわがたポケモン
127,12,凯罗斯,锹形虫宝可梦
128,1,ケンタロス,あばれうしポケモン
128,2,Kentauros,
128,3,켄타로스,성난소포켓몬
128,4,肯泰羅,暴牛寶可夢
128,5,Tauros,Pokémon Buffle
128,6,Tauros,Wildbullen-Pokémon
128,7,Tauros,Pokémon Toro Bravo
128,8,Tauros,Pokémon Torobrado
128,9,Tauros,Wild Bull Pokémon
128,11,ケンタロス,あばれうしポケモン
128,12,肯泰罗,暴牛宝可梦
129,1,コイキング,さかなポケモン
129,2,Koiking,
129,3,잉어킹,물고기포켓몬
129,4,鯉魚王,魚寶可夢
129,5,Magicarpe,Pokémon Poisson
129,6,Karpador,Fisch-Pokémon
129,7,Magikarp,Pokémon Pez
129,8,Magikarp,Pokémon Pesce
129,9,Magikarp,Fish Pokémon
129,11,コイキング,さかなポケモン
129,12,鲤鱼王,鱼宝可梦
130,1,ギャラドス,きょうあくポケモン
130,2,Gyarados,
130,3,갸라도스,흉악포켓몬
130,4,暴鯉龍,凶惡寶可夢
130,5,Léviator,Pokémon Terrifiant
130,6,Garados,Grausam-Pokémon
130,7,Gyarados,Pokémon Atrocidad
130,8,Gyarados,Pokémon Atroce
130,9,Gyarados,Atrocious Pokémon
130,11,ギャラドス,きょうあくポケモン
130,12,暴鲤龙,凶恶宝可梦
131,1,ラプラス,のりものポケモン
131,2,Laplace,
131,3,라프라스,탈것포켓몬
131,4,拉普拉斯,乘載寶可夢
131,5,Lokhlass,Pokémon Transport
131,6,Lapras,Transport-Pokémon
131,7,Lapras,Pokémon Transporte
131,8,Lapras,Pokémon Trasporto
131,9,Lapras,Transport Pokémon
131,11,ラプラス,のりものポケモン
131,12,拉普拉斯,乘载宝可梦
132,1,メタモン,へんしんポケモン
132,2,Metamon,
132,3,메타몽,변신포켓몬
132,4,百變怪,變身寶可夢
132,5,Métamorph,Pokémon Morphing
132,6,Ditto,Transform-Pokémon
132,7,Ditto,Pokémon Transformación
132,8,Ditto,Pokémon Mutante
132,9,Ditto,Transform Pokémon
132,11,メタモン,へんしんポケモン
132,12,百变怪,变身宝可梦
133,1,イーブイ,しんかポケモン
133,2,Eievui,
133,3,이브이,진화포켓몬
133,4,伊布,進化寶可夢
133,5,Évoli,Pokémon Évolutif
133,6,Evoli,Evolutions-Pokémon
133,7,Eevee,Pokémon Evolución
133,8,Eevee,Pokémon Evoluzione
133,9,Eevee,Evolution Pokémon
133,11,イーブイ,しんかポケモン
133,12,伊布,进化宝可梦
134,1,シャワーズ,あわはきポケモン
134,2,Showers,
134,3,샤미드,거품뿜기포켓몬
134,4,水伊布,吐泡寶可夢
134,5,Aquali,Pokémon Bulleur
134,6,Aquana,Blubbblasen-Pokémon
134,7,Vaporeon,Pokémon Burbuja
134,8,Vaporeon,Pokémon Bollajet
134,9,Vaporeon,Bubble Jet Pokémon
134,11,シャワーズ,あわはきポケモン
134,12,水伊布,吐泡宝可梦
135,1,サンダース,かみなりポケモン
135,2,Thunders,
135,3,쥬피썬더,번개포켓몬
135,4,雷伊布,雷寶可夢
135,5,Voltali,Pokémon Orage
135,6,Blitza,Blitz-Pokémon
135,7,Jolteon,Pokémon Relámpago
135,8,Jolteon,Pokémon Luminoso
135,9,Jolteon,Lightning Pokémon
135,11,サンダース,かみなりポケモン
135,12,雷伊布,雷宝可梦
136,1,ブースター,ほのおポケモン
136,2,Booster,
136,3,부스터,불꽃포켓몬
136,4,火伊布,火寶可夢
136,5,Pyroli,Pokémon Flamme
136,6,Flamara,Feuer-Pokémon
136,7,Flareon,Pokémon Llama
136,8,Flareon,Pokémon Fiamma
136,9,Flareon,Flame Pokémon
136,11,ブースター,ほのおポケモン
136,12,火伊布,火宝可梦
137,1,ポリゴン,バーチャルポケモン
137,2,Porygon,
137,3,폴리곤,가상포켓몬
137,4,多邊獸,虛擬寶可夢
137,5,Porygon,Pokémon Virtuel
137,6,Porygon,Virtuell-Pokémon
137,7,Porygon,Pokémon Virtual
137,8,Porygon,Pokémon Virtuale
137,9,Porygon,Virtual Pokémon
137,11,ポリゴン,バーチャルポケモン
137,12,多边兽,虚拟宝可梦
138,1,オムナイト,うずまきポケモン
138,2,Omnite,
138,3,암나이트,소용돌이포켓몬
138,4,菊石獸,漩渦寶可夢
138,5,Amonita,Pokémon Spirale
138,6,Amonitas,Spiralen-Pokémon
138,7,Omanyte,Pokémon Espiral
138,8,Omanyte,Pokémon Spirale
138,9,Omanyte,Spiral Pokémon
138,11,オムナイト,うずまきポケモン
138,12,菊石兽,漩涡宝可梦
139,1,オムスター,うずまきポケモン
139,2,Omstar,
139,3,암스타,소용돌이포켓몬
139,4,多刺菊石獸,漩渦寶可夢
139,5,Amonistar,Pokémon Spirale
139,6,Amoroso,Spiralen-Pokémon
139,7,Omastar,Pokémon Espiral
139,8,Omastar,Pokémon Spirale
139,9,Omastar,Spiral Pokémon
139,11,オムスター,うずまきポケモン
139,12,多刺菊石兽,漩涡宝可梦
140,1,カブト,こうらポケモン
140,2,Kabuto,
140,3,투구,껍질포켓몬
140,4,化石盔,甲殼寶可夢
140,5,Kabuto,Pokémon Carapace
140,6,Kabuto,Schaltier-Pokémon
140,7,Kabuto,Pokémon Armazón
140,8,Kabuto,Pokémon Crostaceo
140,9,Kabuto,Shellfish Pokémon
140,11,カブト,こうらポケモン
140,12,化石盔,甲壳宝可梦
141,1,カブトプス,こうらポケモン
141,2,Kabutops,
141,3,투구푸스,껍질포켓몬
141,4,鐮刀盔,甲殼寶可夢
141,5,Kabutops,Pokémon Carapace
141,6,Kabutops,Schaltier-Pokémon
141,7,Kabutops,Pokémon Armazón
141,8,Kabutops,Pokémon Crostaceo
141,9,Kabutops,Shellfish Pokémon
141,11,カブトプス,こうらポケモン
141,12,镰刀盔,甲壳宝可梦
142,1,プテラ,かせきポケモン
142,2,Ptera,
142,3,프테라,화석포켓몬
142,4,化石翼龍,化石寶可夢
142,5,Ptéra,Pokémon Fossile
142,6,Aerodactyl,Fossil-Pokémon
142,7,Aerodactyl,Pokémon Fósil
142,8,Aerodactyl,Pokémon Fossile
142,9,Aerodactyl,Fossil Pokémon
142,11,プテラ,かせきポケモン
142,12,化石翼龙,化石宝可梦
143,1,カビゴン,いねむりポケモン
143,2,Kabigon,
143,3,잠만보,졸음포켓몬
143,4,卡比獸,瞌睡寶可夢
143,5,Ronflex,Pokémon Pionceur
143,6,Relaxo,Tagträumer-Pokémon
143,7,Snorlax,Pokémon Dormir
143,8,Snorlax,Pokémon Sonno
143,9,Snorlax,Sleeping Pokémon
143,11,カビゴン,いねむりポケモン
143,12,卡比兽,瞌睡宝可梦
144,1,フリーザー,れいとうポケモン
144,2,Freezer,
144,3,프리져,냉동포켓몬
144,4,急凍鳥,冰凍寶可夢
144,5,Artikodin,Pokémon Glaciaire
144,6,Arktos,Eis-Pokémon
144,7,Articuno,Pokémon Congelar
144,8,Articuno,Pokémon Gelo
144,9,Articuno,Freeze Pokémon
144,11,フリーザー,れいとうポケモン
144,12,急冻鸟,冰冻宝可梦
145,1,サンダー,でんげきポケモン
145,2,Thunder,
145,3,썬더,전기포켓몬
145,4,閃電鳥,電擊寶可夢
145,5,Électhor,Pokémon Électrique
145,6,Zapdos,Elektro-Pokémon
145,7,Zapdos,Pokémon Eléctrico
145,8,Zapdos,Pokémon Elettrico
145,9,Zapdos,Electric Pokémon
145,11,サンダー,でんげきポケモン
145,12,闪电鸟,电击宝可梦
146,1,ファイヤー,かえんポケモン
146,2,Fire,
146,3,파이어,화염포켓몬
146,4,火焰鳥,火焰寶可夢
146,5,Sulfura,Pokémon Flamme
146,6,Lavados,Flammen-Pokémon
146,7,Moltres,Pokémon Llama
146,8,Moltres,Pokémon Fiamma
146,9,Moltres,Flame Pokémon
146,11,ファイヤー,かえんポケモン
146,12,火焰鸟,火焰宝可梦
147,1,ミニリュウ,ドラゴンポケモン
147,2,Miniryu,
147,3,미뇽,드래곤포켓몬
147,4,迷你龍,龍寶可夢
147,5,Minidraco,Pokémon Dragon
147,6,Dratini,Drachen-Pokémon
147,7,Dratini,Pokémon Dragón
147,8,Dratini,Pokémon Drago
147,9,Dratini,Dragon Pokémon
147,11,ミニリュウ,ドラゴンポケモン
147,12,迷你龙,龙宝可梦
148,1,ハクリュー,ドラゴンポケモン
148,2,Hakuryu,
148,3,신뇽,드래곤포켓몬
148,4,哈克龍,龍寶可夢
148,5,Draco,Pokémon Dragon
148,6,Dragonir,Drachen-Pokémon
148,7,Dragonair,Pokémon Dragón
148,8,Dragonair,Pokémon Drago
148,9,Dragonair,Dragon Pokémon
148,11,ハクリュー,ドラゴンポケモン
148,12,哈克龙,龙宝可梦
149,1,カイリュー,ドラゴンポケモン
149,2,Kairyu,
149,3,망나뇽,드래곤포켓몬
149,4,快龍,龍寶可夢
149,5,Dracolosse,Pokémon Dragon
149,6,Dragoran,Drachen-Pokémon
149,7,Dragonite,Pokémon Dragón
149,8,Dragonite,Pokémon Drago
149,9,Dragonite,Dragon Pokémon
149,11,カイリュー,ドラゴンポケモン
149,12,快龙,龙宝可梦
150,1,ミュウツー,いでんしポケモン
150,2,Mewtwo,
150,3,뮤츠,유전포켓몬
150,4,超夢,基因寶可夢
150,5,Mewtwo,Pokémon Génétique
150,6,Mewtu,Genmutanten-Pokémon
150,7,Mewtwo,Pokémon Genético
150,8,Mewtwo,Pokémon Genetico
150,9,Mewtwo,Genetic Pokémon
150,11,ミュウツー,いでんしポケモン
150,12,超梦,基因宝可梦
151,1,ミュウ,しんしゅポケモン
151,2,Mew,
151,3,뮤,신종포켓몬
151,4,夢幻,新種寶可夢
151,5,Mew,Pokémon Nouveau
151,6,Mew,Neue Art-Pokémon
151,7,Mew,Pokémon Nueva Especie
151,8,Mew,Pokémon Novaspecie
151,9,Mew,New Species Pokémon
151,11,ミュウ,しんしゅポケモン
151,12,梦幻,新种宝可梦
